filename,genre,zcr_mean,zcr_std,chroma_stft_mean,chroma_stft_std,spectral_centroid_mean,spectral_centroid_std,spectral_rolloff_mean,spectral_rolloff_std,spectral_bandwidth_mean,spectral_bandwidth_std,mfcc_0_mean,mfcc_0_std,mfcc_1_mean,mfcc_1_std,mfcc_2_mean,mfcc_2_std,mfcc_3_mean,mfcc_3_std,mfcc_4_mean,mfcc_4_std,mfcc_5_mean,mfcc_5_std,mfcc_6_mean,mfcc_6_std,mfcc_7_mean,mfcc_7_std,mfcc_8_mean,mfcc_8_std,mfcc_9_mean,mfcc_9_std,mfcc_10_mean,mfcc_10_std,mfcc_11_mean,mfcc_11_std
And Your fingers - Diogenes In Hell,Ambient,0.033230542654163295,0.059281700821846785,0.53701943,0.30273739,927.5767310093067,733.0315003870793,1674.8078343550815,1852.878428342239,1694.0464626463588,588.978612431234,-400.53656,73.49757,98.920006,26.492895,45.35027,24.09511,38.629288,17.731926,32.376892,12.171424,18.42779,10.036409,9.853749,9.889965,11.508415,9.619353,5.120452,6.951431,4.8269367,10.366854,4.010833,6.685414,4.666207,9.199565
Between - MOAN,Ambient,0.1016128031806739,0.038331524842850566,0.46694425,0.27392286,2070.456853982676,340.0772600394611,4604.9864067946355,650.8460465811811,2231.493926042512,171.56331222525597,-65.39725,19.731527,110.328606,14.511929,-15.800028,8.549526,40.317364,5.6278586,-10.78743,6.167802,24.58408,5.5805254,-10.675004,4.631775,11.275224,4.759264,-5.859866,4.0073647,9.79495,4.187386,-4.218594,4.2025485,3.760076,4.7218328
Bliss - Fabian Measures,Ambient,0.06604344040247678,0.02964123571107773,0.24977288,0.2916783,1113.25433989605,618.9158268462647,1967.2631042291505,1548.5686456360843,1306.6190668840936,658.2077888082673,-425.6415,77.08408,154.90155,37.214916,5.0967426,21.607222,-1.260337,14.486604,-14.682867,13.632263,-10.1679125,14.066657,-21.648453,11.110444,-7.2481,11.973663,-7.9703493,15.11769,-5.2296047,17.183077,-18.276228,12.344293,-12.525684,10.904007
Calm - Silent Partner,Ambient,0.04626588451623858,0.03026044862840945,0.2551125,0.2941865,1057.811521962905,370.2416113617742,1865.4287257704448,754.9469503286196,1361.3930720889548,257.7177190110782,-165.87985,63.947124,152.8186,27.41308,-13.578955,19.78965,23.479778,19.549444,-12.207296,12.168433,-4.6474104,12.908392,-15.579876,8.977944,-14.826741,10.347302,-9.081658,7.693015,-6.6206484,7.037644,-4.50409,7.6489954,-7.005124,7.3881025
Charms - Sergey Cheremisinov,Ambient,0.054791146317379184,0.026947139850354036,0.25323522,0.31439647,711.5406055527826,694.8512446305685,1171.3221984636384,1380.1366542037445,676.1011016720804,555.0509751213443,-410.65427,74.75481,173.15918,68.209816,56.028347,20.449585,-3.0435786,20.325037,-8.62216,14.026405,-5.171948,10.870955,-3.589127,10.20599,-0.5392615,8.936778,1.9990419,8.843087,2.1130037,8.369343,1.667462,9.560513,1.0574847,8.695248
Chase - Muhmood,Ambient,0.08833661119972931,0.04157683512181455,0.41485965,0.2862654,2146.237631499802,543.5591169025358,4676.826862945911,1202.9391222967574,2370.017024240248,385.4781665993615,-82.96498,51.693665,97.78961,23.36134,0.12051106,21.802948,51.632565,17.225218,0.26141283,9.856647,9.308574,10.1769085,-0.5231503,7.313777,13.017842,6.267863,6.5111017,7.10123,10.611776,5.9552674,-9.083695,5.8969617,7.3219833,5.7758627
Come Fly With Me - Blear Moon,Ambient,0.04428342309328589,0.02563922028032147,0.3951895,0.29241264,1721.5508303403828,408.98804483159483,4018.560745692489,1098.756047140549,2301.2534539158896,272.2522564547606,-204.64586,36.724354,105.548386,15.673059,0.34648123,15.729117,27.400095,8.28156,3.0319324,7.029595,21.572918,6.2124324,0.93535614,7.1537466,9.226435,7.261173,-5.799631,7.238022,10.618407,7.1570754,0.3802491,7.754941,11.677903,7.2298183
Digital Solitude - Silent Partner,Ambient,0.0746992655985204,0.08887595019152997,0.2546039,0.29849258,1452.7858643962347,1525.5214850449468,2576.6227760956444,2696.101354413982,1430.251063242723,968.1636838242688,-297.3677,98.11804,111.419914,54.721943,30.133184,33.529594,5.5031285,19.87948,-11.963196,18.183512,-3.0739799,18.759798,-17.823435,12.482115,-12.210229,16.192343,-21.33532,12.4465275,-19.595022,17.728615,-24.819525,18.615461,-19.19648,14.4553795
Ether - Silent Partner,Ambient,0.06399368053251493,0.05734140523178709,0.3019698,0.300346,1609.2058111815616,778.6179814271289,3372.9421715587673,1745.4034155694167,2003.3117197271163,458.8635353742705,-163.59538,120.35361,108.41421,35.257385,10.1870985,22.453068,34.516426,20.140425,-5.2263937,11.338984,11.111888,10.738026,-2.5625417,8.771488,5.57444,13.088975,-15.8626585,13.288942,-10.603691,19.68637,-16.876703,16.543993,-4.100641,14.039264
Explore - Madoka,Ambient,0.053221900981245164,0.01733893411940282,0.25378716,0.29348305,952.4019700650845,334.8164537377694,1739.7096142691416,918.6496567108791,1323.1086312596808,344.33942920059553,-125.39772,40.18717,167.60828,18.847155,-4.248612,15.569883,32.357597,13.349372,10.538759,12.774924,-2.3910902,8.108649,-5.259672,7.320305,-5.985687,8.716416,-12.818175,11.587687,4.475477,7.137842,-15.86852,7.2581115,-7.455607,8.795967
Feels Like Home - Fabian Measures,Ambient,0.06638450383135586,0.031312585779205496,0.31311592,0.2887868,1253.7519255725706,440.0389506032866,2573.7444862127613,1174.1664658222403,1636.5145059567421,493.0448305028882,-185.02786,92.185776,147.43037,32.9693,2.5158856,19.65763,26.46188,18.172337,-7.592526,11.251252,10.88218,10.876832,-0.39801937,8.373335,13.015944,10.770157,-0.7340803,8.956125,-9.011338,13.988579,-14.861794,11.000503,-3.6183422,9.485338
Get Back Up - Silent Partner,Ambient,0.04796853080253483,0.051215450862072645,0.30644754,0.29719177,965.0354614780139,494.4977126916487,1810.6307180304277,1027.5232777344856,1098.1609424892292,272.01195831044487,-248.95122,77.08413,171.46356,25.36104,-32.400326,32.023136,44.499046,28.574673,10.14195,15.777649,2.78614,7.0589714,5.5422554,7.750722,-7.6864076,9.263456,-2.3032808,8.931564,-2.0800123,10.060217,0.24512012,8.432665,-1.8481345,7.729595
Humajataritee - Janneh,Ambient,0.04060783386230469,0.030098341730323518,0.3252268,0.2878935,797.8352813319383,602.8193112789903,1422.6213455200195,1541.5211687326257,1119.5531905619782,664.5028003706294,-400.68613,74.900764,174.29326,69.29782,48.239754,28.479317,2.3200958,19.063948,4.8327703,9.851271,4.190365,6.408654,-4.0644245,6.159026,-9.880003,7.133671,-10.290994,7.242882,-4.3399553,6.7725625,1.2184776,4.719421,-0.18609628,4.55115
Kiitos - Janneh,Ambient,0.04060783386230469,0.030098341730323518,0.3252268,0.2878935,797.8352813319383,602.8193112789903,1422.6213455200195,1541.5211687326257,1119.5531905619782,664.5028003706294,-400.68613,74.900764,174.29326,69.29782,48.239754,28.479317,2.3200958,19.063948,4.8327703,9.851271,4.190365,6.408654,-4.0644245,6.159026,-9.880003,7.133671,-10.290994,7.242882,-4.3399553,6.7725625,1.2184776,4.719421,-0.18609628,4.55115
Krakens Eye - Phloxs,Ambient,0.07110595703125,0.0554846956352389,0.42601675,0.2963912,1771.620912300846,869.8920129453844,3846.6184066914184,2067.5146108866847,2108.072817871985,626.704191816258,-163.79726,49.973286,121.00704,34.415794,-9.06134,23.89179,20.749075,18.249857,3.373244,18.527569,23.576874,15.073126,7.831555,13.1374235,18.269659,12.174304,-2.631666,10.03247,0.9681505,9.538313,-7.754672,8.630971,3.7748222,8.429175
Levity - Johny Grimes,Ambient,0.06757894451011398,0.10960216025475937,0.31267914,0.29248825,1276.912391927763,1143.5041232462777,2520.891064966848,1941.142472864307,1444.7143590852725,653.7771803498443,-202.4746,95.295296,147.11842,46.101616,-2.216354,31.850145,31.575632,18.786798,6.7698216,17.0906,6.1002893,15.004678,-5.5184417,10.643844,-2.9412086,13.504549,-4.311567,10.524639,2.0348306,9.988631,-3.0356426,9.943435,1.1703151,9.828679
Liberosis - Nihilore,Ambient,0.040094356725711634,0.008215762907240234,0.2587867,0.28997433,524.8373702633943,66.96709157286061,857.2906494140625,210.30423266283236,505.0862315220297,112.57585617693617,-334.76755,29.462364,224.73471,15.824273,25.080011,18.322134,4.788439,13.810413,25.025406,22.854946,-11.84865,11.219988,-23.203588,7.614176,-6.6239038,9.173626,-8.952116,9.642294,-10.670301,8.422787,-9.565688,13.769861,-19.375135,13.194152
Lightness - Nomyn,Ambient,0.06238114206414474,0.04213212763907363,0.3564768,0.3018411,1311.5245319014157,803.3300017935694,2475.076700216476,2016.5678802466823,1593.9320189199361,784.9553237656502,-168.23988,116.78588,151.78075,43.352936,7.1870594,22.689848,-7.87102,37.3603,-17.476166,23.63463,-8.9285,22.067398,-8.609373,12.855896,2.0529015,17.646688,-10.067975,12.843988,-6.640205,14.825512,-16.232971,15.097418,-5.444834,14.526047
Like Summer Tempests Came His Tears - Blear Moon,Ambient,0.0687799549767622,0.03462307855390315,0.31435484,0.29311502,1748.6203430624576,457.09803686279736,3745.351248577895,1265.0379803233102,2350.500645099225,280.37619604823215,-165.84103,42.083454,125.229546,18.954294,16.21219,8.636022,9.153892,12.813281,-4.141299,7.754035,10.886139,5.7969766,-2.1301415,5.4068804,8.138279,6.0272446,-5.662423,6.7288275,7.2877593,6.0991383,-9.879424,6.438472,4.4525137,6.6429553
Psalms - Miguel Johnson,Ambient,0.06678436562741873,0.027052135380570053,0.18031031,0.2931844,1046.1441992530038,500.4361487139018,1763.28517098914,1148.4927089290948,1105.370734166414,461.9720836929521,-378.2242,100.378494,134.54341,26.474167,16.222494,31.530304,-0.0038503169,24.707365,-11.579996,7.441948,-2.9257796,6.481247,-8.829644,7.8272934,-8.565698,9.522735,-7.2751055,8.112361,7.1642537,9.348381,15.710108,20.114265,15.252437,16.14694
Rain and Tears - Neutrin05,Ambient,0.06569735952667584,0.09580467559762668,0.35418767,0.31498212,1438.3052849022895,1062.8377350910887,2642.4151817064608,2136.9386177936367,1818.1776593870663,516.3559813956128,-242.77731,100.23973,126.778404,47.37098,16.675163,25.973654,21.988506,18.574661,-3.3751564,12.729929,3.8310516,12.081806,-9.206343,11.1343775,1.4561992,12.542751,-5.3508,8.443836,0.12749325,10.380524,-5.048027,9.523395,-3.4972005,9.541237
Slowmotion,Ambient,0.03692475614972512,0.018774902987659044,0.27761257,0.29617277,604.0339586277901,361.0523881621902,1111.2587203645658,895.8003099162756,742.9338176444268,452.602793455033,-264.5066,71.62084,192.95782,30.64143,25.510761,29.626547,3.962823,20.249224,11.878324,11.6812105,14.138046,12.891636,4.626501,12.1020565,2.4722638,9.938512,1.6362679,8.882038,-0.7245622,10.227324,-5.352923,10.447293,-7.5709376,10.079922
Spicy - SPCZ,Ambient,0.16172683137567673,0.08288325004491284,0.48763764,0.28151023,3528.8364205370776,974.3667504914931,7136.2334142981435,1712.0849339047893,2891.672988377,491.92152233705775,-19.637747,51.17942,41.391617,32.616623,-16.695576,25.96033,16.67429,19.84162,7.393256,13.01481,15.767048,12.692842,3.705104,9.604051,15.81571,12.555898,-4.209174,11.806631,6.550431,8.587364,-3.767236,9.914022,11.1628685,7.758115
Subtle Library - Fabian Measures,Ambient,0.02576857844666251,0.011285510749258276,0.21074678,0.2977004,598.2559630828612,205.36988352017957,843.9323058815502,417.1768458031323,1022.6424009522455,334.7938319991132,-318.51215,47.30086,147.70796,22.586647,27.543945,17.918182,27.134571,13.957257,13.307673,12.5607195,2.625036,11.348694,8.754576,11.270038,4.921604,13.684864,-12.682209,7.0949087,-6.6030984,8.889201,-7.428553,8.938795,-18.438763,8.4970255
Symmetrical - Tiruset,Ambient,0.11310424331913245,0.09521076795637999,0.5157077,0.30053166,3129.016798857148,1304.5835485663233,6175.092172068648,1966.1849356411656,2690.6689923952417,444.0890762012265,-263.0533,84.98493,39.97357,39.109844,37.923744,22.83433,71.34932,7.828365,9.6134615,6.824515,27.808098,7.7426996,-9.038886,7.8112187,18.993177,8.28177,-2.9504108,6.538609,11.500385,7.564852,-14.404743,6.189498,5.0788503,5.0067444
The Idea of Space - Lee Rosevere,Ambient,0.04470523041073639,0.007969727101894095,0.24847865,0.29163998,631.2896205172779,62.99697933277312,940.258773954788,175.73840228316598,737.5745219089574,145.5077211049577,-399.04047,65.413795,195.09814,34.25367,31.393671,29.011518,-8.929293,14.48788,3.4507968,14.446539,-5.850696,8.213522,-14.871997,6.9187016,-15.613002,7.5927353,-16.20825,6.9457674,-11.776598,6.495898,-4.0422673,5.5641384,-2.8181002,6.598907
The Stars Look Different - Spinningmerkaba,Ambient,0.11168801056167826,0.03320203260660328,0.36403507,0.28635246,2177.743904766242,539.5955515465653,4473.635361532048,1271.6196638183917,2191.9822172094514,440.5359985630978,-88.64763,47.33726,95.31035,28.289558,-24.25877,19.625751,39.773075,11.386829,-7.2903337,9.235481,4.4739294,6.973965,-0.14389437,7.414027,7.4163465,8.654318,-15.373909,8.654962,-1.448596,8.969411,-13.198663,8.032454,9.204423,6.2724495
Ticker - Silent Partner,Ambient,0.04936032376660342,0.04466054344901924,0.27784565,0.30730087,1077.2125536842439,668.0322879172498,2157.761791019331,1439.9374310540727,1217.908285475872,563.5987862963827,-201.99557,87.11085,139.5079,42.080505,-12.399592,41.029617,31.67573,30.781937,11.187804,17.39765,-5.0621963,18.07535,-4.362625,14.751267,4.4653316,14.674956,-4.766696,11.697717,-7.7297664,13.099816,-14.171335,10.064027,-16.318722,10.483929
Trance Forme - Enrico Falbo,Ambient,0.12120486043924149,0.02678605044251773,0.32833645,0.29117817,1416.4538091891063,130.06947701875237,2679.8171288457816,197.31126355174155,1320.335184213532,106.69405522676348,-283.6263,78.855354,160.4661,17.96554,-62.825325,13.217334,49.446735,10.379142,-5.202869,6.65997,-5.311016,5.7437363,-4.778376,7.82636,3.0684514,4.95162,-5.884641,5.633181,0.77317035,6.798656,3.044823,7.0447435,-7.314267,7.7447467
Wheel Of Karma - Audionautix,Ambient,0.07564124957655827,0.04358694069227074,0.4584164,0.28503707,2333.5596264356136,610.9131283062799,6189.983783504827,1825.9854725126797,2947.957491769579,442.31266816585526,-55.363514,72.9543,96.834145,18.04645,28.856525,21.72996,22.148455,12.118826,13.062164,9.998231,11.800569,7.540547,-1.9660497,7.1745753,11.51013,7.3989344,-1.2604896,5.8323026,12.131188,6.387978,-4.0990486,6.280123,11.047434,6.4292197
A Country Dance - Jacob Heringman,Classical,0.045822969988441216,0.0102683003483182,0.24949715,0.2890868,823.6283444878279,153.0264491633144,1181.879863461856,342.3041781354044,1148.9699671886276,219.5258040296922,-270.26422,63.53316,181.03426,15.72756,9.297043,20.31548,16.885868,9.580015,-8.567925,11.347143,-5.5764413,8.12435,-14.208999,8.767824,-11.1229925,7.733066,-12.815539,7.63059,-11.233911,8.092775,-9.411507,7.1708946,-8.125114,8.01269
A Fantasia - Jacob Heringman,Classical,0.0509398175253708,0.01823971853015406,0.19178055,0.30189106,1461.020959836401,600.1224631968404,3013.009493468238,2011.5515952418443,2010.4957802376473,594.3650176770929,-471.48395,70.503555,109.69414,27.665369,26.567434,12.159073,20.513271,10.248034,7.9158664,9.669521,5.288486,8.026436,-5.1754107,12.761563,-4.5521903,8.95505,-8.284872,9.154016,-8.7634115,9.118721,-7.3797603,9.6622095,-2.9938622,14.443281
Andante K238 Two Sonatas - La Riche and Co,Classical,0.09761874397493574,0.03584219152640516,0.23236102,0.28802252,2042.4360033568566,421.9102308593934,4688.39940653117,993.7648363630299,2334.921833792849,261.1824589725275,-174.87128,57.79021,88.00899,17.225597,5.2981195,9.457712,34.280624,11.028067,-10.366567,9.407554,10.307478,7.4846754,-12.412021,9.13164,10.549869,8.692065,-2.4238667,11.03852,9.941151,10.70856,-3.7714424,11.172538,11.025673,10.127602
Besse Bell - Jacob Heringman,Classical,0.05007693147501184,0.012064773117848393,0.26190796,0.29669884,903.7349314452763,203.16086359781787,1362.242860129974,470.0521572022039,1191.1933094102224,253.3310338946742,-260.53244,61.935955,178.62022,20.661278,-1.6594042,21.500053,15.500385,9.898494,-12.760181,11.586176,-5.8913226,8.730045,-13.046529,7.990444,-11.966135,6.7785997,-12.958216,6.707354,-9.310679,6.809356,-10.241666,7.584651,-4.058807,7.7115116
Daru Dedena - Samitha Erandathi Mudunkotuwa,Classical,0.06680173531918977,0.030132091169489273,0.25205645,0.2998447,1563.0950241313592,529.267232310681,3115.925096042024,1503.5736342421965,1936.9225596313302,453.72120353091356,-145.10106,77.321045,121.324165,32.389454,-8.444384,19.565218,19.228445,14.768197,11.388038,13.500716,19.96868,15.322906,-13.644383,14.792216,9.379077,13.255019,-16.525972,15.551098,1.1136272,12.136428,-15.419032,14.839362,1.1857343,13.390908
Daskon Pramila - Samitha Erandathi Mudunkotuwa,Classical,0.10721488976750311,0.0436358410635595,0.3042922,0.29975197,1911.39047769425,509.0931276383402,3428.290730821551,1084.2407051989503,1864.0361262744718,375.13598204751054,-118.903305,64.76871,104.39163,30.841423,-42.063637,19.252022,33.01325,18.109856,14.559,13.247254,12.5256815,15.572261,-10.09297,12.926895,4.0241733,11.953472,-9.446776,12.593639,-5.109787,10.95882,-15.1487,12.229472,-3.108525,10.570432
Estampie Real La Septime - Dufay Collective,Classical,0.07930082584039785,0.020868563119866016,0.1887528,0.29100418,1667.4035473475697,225.04112401603635,3164.612720099515,679.8911451706218,1877.5737429510855,221.1164065700981,-238.81128,60.866493,104.40827,17.340961,-24.138046,14.102396,4.672948,9.093556,-19.788933,10.43668,2.2549307,8.056505,-10.9028635,9.385282,-1.2826695,8.462897,-14.668809,9.963714,-4.2733707,8.171244,-9.340858,8.298723,-7.886892,9.466521
Fabordon del primer tono - Dufay Collective,Classical,0.0625597124129257,0.01923510390020456,0.2545479,0.2922158,1633.273223254821,356.98470749323116,3753.6564688195385,1074.752229850914,2108.0634797891807,356.6559197495817,-208.55887,93.60719,107.6757,19.026455,7.504508,12.1642885,34.86256,11.343755,-8.059966,11.014561,8.003704,7.1292877,-13.870903,9.430144,-4.5215816,7.3995037,-16.94988,9.554459,4.2992115,7.7215605,-8.360922,9.157914,-1.6679995,8.6206455
Fantasia 33 - Jacob Heringman,Classical,0.032962763641640865,0.00929509848959998,0.21674837,0.2968334,723.936192479267,213.23016806025115,1034.8437424414667,609.4790159863267,1205.038288688502,353.19138844450805,-338.4703,61.677616,155.30171,29.752758,34.756783,15.382869,19.859505,8.487721,13.840376,9.12632,6.438076,7.368707,-10.773141,10.00186,-8.346225,7.6278934,-4.487323,7.4729323,-7.9609914,7.95408,-10.114224,9.129067,-8.409137,8.971856
From Russia With Love - Huma-Huma,Classical,0.09402074190375302,0.04162748071491523,0.27505296,0.29377174,1654.440743917937,426.59899293212857,3005.326621389942,654.3535025777882,1582.607803522633,231.73482383976668,-122.06095,52.986183,124.916435,32.10294,-49.391193,16.14979,33.005226,9.614169,-0.902368,12.884734,-6.843377,10.265709,-13.892804,8.923601,-0.61811215,11.210284,-12.869573,10.032667,-10.217109,9.840884,-16.24642,9.769637,0.5191596,8.611667
Gymnopedie No 1 - Kevin MacLeod,Classical,0.03918599431465624,0.012176020791346472,0.22925527,0.29339108,507.77522338753874,116.633141733652,748.845331187756,225.85259192470352,524.8610696989265,153.98490799812333,-387.33582,48.512993,168.71802,34.746502,53.83418,20.86955,4.451669,14.250656,3.4536774,8.582452,-0.5159956,7.2079544,-8.472188,8.945322,-8.253888,9.081485,-5.8152742,8.774531,-6.738316,8.36033,-7.6380672,8.511511,-6.9209027,11.217447
Gymnopedie No 2 - Kevin MacLeod,Classical,0.03985743613138686,0.019856808028985738,0.25752914,0.2922951,568.8307813441543,191.37159477850568,935.5815251482665,481.8597823804019,575.9995066658976,283.2124837056736,-359.45636,64.671936,160.49342,41.166103,36.87177,26.750122,-1.4859004,13.582971,4.622109,8.618471,0.41970745,8.236884,-9.207252,10.08199,-10.019943,9.75281,-7.303444,8.658947,-6.949816,8.586317,-7.5350113,7.9281607,-9.193527,10.684196
Gymnopedie No 3 - Kevin MacLeod,Classical,0.03643156712870296,0.010889844753299996,0.23742197,0.28982133,502.46761928953833,108.96133351325267,770.0542387034627,227.40761823789606,503.4692021035546,140.0460279276224,-364.56668,54.600742,169.509,38.06793,49.193474,22.121754,1.0362662,17.35759,4.423356,7.235796,1.8388301,7.767304,-8.317884,9.227047,-11.095992,8.220773,-8.248294,7.4732747,-5.9905925,6.824281,-6.527045,9.4138775,-9.7078285,12.319206
Hope for Rebirth - Celestial Aeon Project,Classical,0.07121352394028466,0.03402248923471844,0.26002684,0.27425504,1733.8778636655654,682.620142232826,3801.4564891852956,1790.830349327609,2171.1997226356834,526.7861768038852,-180.4281,43.297306,123.87917,32.17721,11.978863,8.70888,31.13681,7.0763483,-5.1196194,8.399696,5.3761663,7.1643906,-17.992718,6.3899856,-0.043505386,6.0992713,-19.276497,6.250093,-6.0633683,8.942789,-12.73437,9.08948,-3.0110667,5.448444
Polish Dance - Jacob Heringman,Classical,0.03324335095849176,0.01111166453577294,0.2315655,0.30216885,894.4422986862401,356.99560551392887,1486.2959132901617,1190.2388901306913,1543.480582067652,495.8252030338738,-368.29532,68.41598,135.80093,30.541086,44.2753,16.087906,27.588356,9.864721,13.124854,11.231841,7.684599,7.883242,0.010895149,8.720437,-2.7403572,8.336088,-6.212306,8.648088,-9.893505,8.661961,-11.615682,9.05903,-5.5790634,8.218942
Profondo Blu - Fabrizio Paterlini,Classical,0.03612213968579235,0.02314455468312855,0.24940999,0.29633006,538.739719864637,380.32453490108884,957.345030737705,921.9346624131065,571.1263125636667,428.36115364252623,-486.53146,57.734665,186.84053,48.844074,49.451923,19.6303,-9.224889,10.813746,-1.117604,7.8320584,6.737846,7.144952,1.7548525,6.8540707,-5.5415745,5.893374,-15.216517,8.229371,-18.522346,8.324765,-6.7270923,6.393555,3.5488389,9.079121
Recercata Primera - La Primavera,Classical,0.04024135044642857,0.020853385420619635,0.27138174,0.30128556,946.5710338459453,302.13057097787566,1658.9422804309477,716.7222309192582,1417.8713761447805,396.8876179835363,-248.59608,87.62032,140.9246,40.914757,5.682596,16.352175,19.501701,9.97663,11.917019,9.430517,5.7810197,8.5947075,-9.413069,11.185668,-5.565258,9.199901,-8.78185,9.836395,-2.8897874,8.507435,-2.7472072,7.375618,-7.688814,8.671118
Rossingnolet Canzone Francese a quattro di Thomas Crequillon - Paul Beier,Classical,0.043767686967879256,0.018876026906119267,0.22572604,0.30069783,1057.3879559612792,383.473720447214,1800.8724437040441,1087.1004100971597,1544.878112327631,374.4793530334071,-254.03671,68.7505,140.49422,22.64414,10.559289,13.883102,16.573563,10.416413,-4.997951,10.266069,-0.4990841,8.080899,-8.010434,8.429129,-10.417231,8.154169,-13.776187,9.028074,-9.646979,7.747702,-13.512204,10.364785,-12.341235,9.526779
Sanda Eliya Galai - Samitha Erandathi Mudunkotuwa,Classical,0.055275421681757954,0.023407327821789753,0.2880878,0.30502355,955.3703383844535,243.66197156527573,2191.0953589125993,578.7350182084613,998.6707012356738,143.323745171458,-313.5903,31.429375,184.69902,18.282873,-35.484737,19.36498,38.257492,17.14014,44.23281,12.84836,-22.976746,14.170104,18.308367,13.94261,16.800522,16.29831,-23.153263,13.691926,5.529656,10.447942,3.3541696,9.0053215,-17.098188,10.849779
Solitude - Soularflair,Classical,0.01998443603515625,0.004995670446443652,0.2477305,0.30196926,331.02592575135617,78.20244082012965,530.2046585083008,177.10031044547785,322.7169991925348,87.13579200227484,-360.73206,29.690746,141.79172,24.132442,69.07387,12.846535,17.85287,11.142469,3.9494464,9.953436,4.919547,10.707625,4.137763,7.819006,1.6868293,9.362608,-2.3199344,9.615859,-9.545271,8.605576,-15.176956,7.7500944,-13.931557,8.839678
Sonata III Grazioso - Doc Rossi,Classical,0.03769218881523569,0.013724266924629948,0.2299676,0.29253846,914.507385543874,295.1492815935318,1483.2573168205492,753.4752674059645,1407.4825340575405,390.98920056916694,-288.45486,68.25766,136.76823,31.197685,19.77922,14.677972,20.987896,10.883907,1.8950429,10.449278,5.369601,8.279036,-13.735598,10.342992,-14.903719,9.1627655,-7.9902663,7.9338536,-12.154476,7.875756,-14.812838,8.99215,-11.684663,8.384191
Sonata V Minuet - Doc Rossi,Classical,0.0314346617975679,0.010794065339335695,0.22226961,0.2953579,736.1895557999818,253.06772672223707,1093.4531302779847,629.245927754088,1219.4605097867423,378.15763061525223,-347.6824,63.332523,129.85588,31.126245,31.919996,17.074177,22.923738,10.616719,12.800411,10.195829,8.521033,8.137502,-4.667255,9.336885,-8.510259,8.49965,-8.257859,7.789782,-13.681617,8.037054,-15.234526,8.603365,-13.076591,8.6290045
Sonata VI Largo - Doc Rossi,Classical,0.03708609083237125,0.01606274431603999,0.22339597,0.29548877,776.1093478295929,260.09341936681153,1126.4117779064916,606.8855367219289,1209.1709965644295,357.97362886860884,-327.69836,63.914158,146.65288,28.626865,30.605864,19.829937,20.701363,10.788376,4.9103575,10.401521,1.440006,8.562395,-12.177152,9.615745,-12.775967,8.710648,-5.021541,7.545025,-10.42805,7.7968903,-14.299763,8.379078,-9.272515,7.408301
Suite in d minor Gigue la Ma - Hanneke van Proosdij,Classical,0.11894754570628871,0.02627769400962245,0.26806012,0.28531373,2278.571494667653,308.8146557637628,5042.714036538977,709.6492925761916,2443.2911172513445,209.09798848833725,-118.05337,42.858208,87.983696,11.551722,-7.215685,7.491199,21.67362,8.955205,-8.770203,6.1363764,12.943867,5.8758926,-12.468631,6.395569,-2.1779287,7.8698597,-12.923163,8.2645235,0.57441425,7.011115,-10.626654,9.184911,5.255818,8.838393
Tamerlano Act III track 1 - The English Concert with Trevo,Classical,0.07842040825039032,0.04638538087343412,0.34158406,0.3171634,1621.615040822985,631.794741017112,3179.2068231301228,1371.9059811454383,1841.873970176392,504.49696827944985,-326.5045,78.085785,119.41601,33.353523,-14.16158,30.78389,21.731436,16.764467,5.165742,18.008863,-12.182313,21.197365,-5.4009995,14.641507,6.7352777,14.242827,-13.056498,13.452055,1.9335995,9.072312,-0.079092555,11.353221,1.2409592,10.826707
The Orange Rogue - Doc Rossi,Classical,0.03377350907329105,0.01531895438746579,0.21158461,0.29561374,1004.0873196994132,398.20236185068126,1873.5495259645877,1323.3924398644438,1607.7363695119282,488.1448810069908,-299.33096,65.56822,100.19628,25.830446,30.736702,14.269665,46.4605,12.204744,4.999589,10.355381,-2.4374912,7.620575,-18.718237,9.486611,-20.178387,8.701107,-12.698141,8.030403,-19.952986,8.473258,-26.509897,10.193854,-17.360529,8.119481
Undertow - Scott Buckley,Classical,0.020952640149297423,0.006342124718074508,0.23485093,0.295805,284.8762195054109,63.6280288818919,380.579613857582,120.73521046301568,333.9647720225445,91.71926069746281,-472.5485,36.70262,164.65591,34.447067,94.84741,17.78434,37.646168,12.824847,11.154599,6.2149053,4.1987195,5.2608356,1.1666565,5.100312,-3.9111474,5.163441,-7.912071,6.490439,-8.348882,7.2680464,-7.8460827,5.287958,-9.403751,5.2711377
Vivaldi Suonata a Solo facto - La Serenissima,Classical,0.09096193557268722,0.03809862120703683,0.22562309,0.28811985,1972.982043603493,496.21849382190805,4161.77244372935,1164.971243673501,2127.9182384149453,383.5299600761602,-227.91568,72.90981,90.22435,22.298616,-14.466834,13.872876,19.158092,8.632372,-18.20625,9.800074,-0.14555135,7.793143,-14.320875,8.18567,-0.87102914,8.307956,-13.087123,9.372712,-5.264524,10.061802,-16.499846,9.809098,-3.9851284,10.227587
Waissel Polish Dance - Jacob Heringman,Classical,0.032657286787665885,0.010926132451711666,0.2366159,0.30277887,926.4747212001868,339.7097886476505,1579.118372182377,1221.300315751911,1632.688097474656,485.5101022183821,-384.72858,69.305374,133.98328,29.783981,43.539528,15.561154,28.63081,9.485318,14.432341,11.435057,8.914755,8.150862,1.0942304,9.098351,-1.2370238,8.113842,-6.1517234,9.050294,-9.6648,9.025609,-10.59104,9.1766815,-4.8481746,7.9593616
Wistful Rain - Ghostrifter Official,Classical,0.02434848656400966,0.02621620811503079,0.28569785,0.31023622,734.7745171511684,503.4658173839342,1038.9614470108695,1317.9008843952447,1444.1904406657156,496.81084194524533,-405.955,37.984203,140.65985,34.25974,59.44276,16.729422,36.840645,13.263303,16.316551,10.139166,13.623695,8.93591,-0.5243541,7.4892335,1.3000135,8.557671,-2.4562395,9.670102,0.97149944,10.100547,3.7378876,10.534006,-0.5090885,11.166563
As She Came Out of the Water - Mittimus,Country - Folk,0.04845086825696056,0.03563187088044623,0.27917278,0.30259085,1304.5445779603524,756.2380364189561,2382.849602577581,1707.249598300927,1810.7839702183505,529.1182324058448,-269.59543,78.05851,131.44879,31.153,19.656239,23.591486,28.931044,22.334042,15.6229515,14.854399,7.1005473,11.448321,-7.1395335,11.367402,-3.742516,11.449274,-7.4288387,10.832405,0.50094193,12.592225,-7.1073465,8.906368,1.7916162,9.3629055
Atavistic - Brett Saxon,Country - Folk,0.0431287368077072,0.045392302009944284,0.33281505,0.31302878,1276.6630745187786,871.8084545272442,2515.5818451660534,1840.506357352312,1738.0829734637948,568.225611541432,-227.01553,92.86329,118.0581,36.492275,10.732468,24.879942,35.891125,17.294525,8.763355,19.597925,18.134718,12.385719,0.1408838,13.982771,6.7217894,9.151943,-7.1879888,9.42639,-1.7693111,8.465483,-11.627481,9.848853,-4.573454,7.9414477
Awake Too Long,Country - Folk,0.05859714870939675,0.01504808021485533,0.4059488,0.29493725,1261.493940510475,268.68314334242456,2256.5314697832077,837.5530581362074,1631.5803860704345,305.6402063040096,-37.346546,27.536104,153.50168,16.783499,-19.163137,14.649652,13.151812,11.341019,-6.406463,10.038998,15.599052,9.059552,-5.957329,7.441715,17.891762,8.773041,1.3747671,6.459968,8.46072,6.541723,-6.1385965,6.5071435,5.521649,6.296439
Canyon Breeze - Montana Skies,Country - Folk,0.04179248765491867,0.017015795769342843,0.2873948,0.29478616,963.835642529621,273.13825082836854,1823.8756482680576,696.4614417477923,1514.6258177364027,280.1575435881625,-208.63062,44.792377,147.49895,20.93912,12.24751,14.088495,38.202263,9.323882,17.53666,9.650181,16.02653,7.729046,-0.421887,8.240325,1.9617331,8.279338,-3.1531222,6.570546,-2.6022701,8.691728,-13.633747,9.394521,2.1690216,8.177453
Castle By the Sea - Cath and Phil Tyler,Country - Folk,0.05444052272947328,0.03205148914406915,0.2559877,0.30006793,1215.4989742983862,590.9230325760532,2444.435541579928,1307.8082282465398,1516.4527661977022,471.39455769028365,-254.37183,59.7598,128.10315,29.227957,-6.753211,21.026453,28.777903,16.185125,6.5075393,15.207781,25.331335,11.765448,9.576485,9.744664,0.5441054,10.51814,4.97333,10.111483,1.8766513,8.697118,-10.562968,8.302446,-11.413461,9.6843
country.00010,Country - Folk,0.07654006851798144,0.04940798316631504,0.2914594,0.3032161,1861.4546089152097,746.6173411088895,3769.3680553037993,1415.095657858023,2127.2426522367728,370.5059975326418,-197.70265,65.19889,106.49648,30.600538,-4.43353,24.037014,37.656395,17.872818,-0.8653611,17.290688,-0.9621034,12.698015,-3.4531174,12.068574,-0.049805444,9.500719,-9.302802,12.331844,-5.177724,12.422217,-4.2500987,9.930071,-3.5460405,9.765732
country.00025,Country - Folk,0.05727693892594741,0.03975227013680062,0.34732932,0.29856843,1565.1556633857267,642.3978392146793,3188.704332674739,1412.5895277020584,2016.0878279928013,386.7492197526124,-200.6344,63.532192,119.69184,31.622902,-3.590749,17.507938,31.953747,16.485806,9.979258,14.297231,15.293263,13.224657,0.6465811,9.956053,0.23592457,9.776586,-4.47019,8.584156,-2.3123803,9.073681,-5.2613406,8.01617,-2.4783907,7.3110313
country.00044,Country - Folk,0.06650367966937355,0.03920999111209752,0.3600969,0.2921229,1729.7885873441894,749.3064453194794,3359.5210878589037,1728.9914651135493,2247.6077330462153,551.1048461889628,-162.78079,71.26001,119.890144,33.884674,-2.9078407,20.375198,20.50893,17.754868,27.810162,16.059519,5.49017,19.54146,6.0408688,11.196459,1.1912667,9.268328,-3.696575,8.6931505,0.35227916,8.623557,4.4168353,9.551773,-0.41024777,7.424263
country.00052,Country - Folk,0.03546288911446249,0.024980344024464685,0.3289262,0.29622847,1115.6797011223894,479.3514403466058,2347.685365610499,1210.6055670593,1662.994993608942,375.07230313718645,-265.2709,57.498917,138.86661,25.233839,6.1286917,16.991524,47.477863,16.492868,-2.3875468,19.324865,21.05125,10.498346,4.090744,10.295286,17.650291,11.23355,-12.018802,11.763103,15.490483,13.516003,-1.128818,9.219291,7.8953543,10.386736
country.00054,Country - Folk,0.06018472363205723,0.024969711170126436,0.31272689,0.29835823,1654.4094241284452,555.6412762441322,3907.9599473426624,1332.04628183309,2105.4593582487328,368.1390800524259,-175.00964,39.749554,115.713554,23.740242,5.100794,12.814532,58.16809,11.133899,-3.3074555,10.5190735,29.656008,9.443946,-10.033722,8.973631,19.659372,9.926904,-16.311836,10.091241,13.744991,10.468621,-8.834571,7.4357667,7.2225156,9.605041
country.00060,Country - Folk,0.04291625882153906,0.033462551658240754,0.3421015,0.29706633,1373.628372258797,722.2646188585605,3070.4965401138343,1846.3447473378944,1930.5879079919316,547.6413985721044,-178.47949,61.656662,130.10803,31.765778,12.076066,15.68028,47.04983,11.170612,2.611667,13.130821,24.099434,11.075732,-4.625375,10.362088,22.778528,10.146227,-10.929766,14.281236,13.5343075,12.009385,-6.806915,11.455191,8.726394,9.8171
country.00069,Country - Folk,0.06107367495649652,0.03181112453107174,0.3521479,0.29360646,1327.7101967128094,417.94377622717076,2755.833658098898,848.3144759257677,1632.734167099931,261.5873601740184,-217.11804,51.46424,136.18945,26.41965,-10.363232,15.12295,51.37767,15.795482,2.5987258,14.597119,15.119396,10.607982,-0.679669,12.795799,12.28111,11.194746,-6.2290382,9.767023,7.803085,9.527553,-5.4126134,9.903919,3.6122782,9.876745
country.00083,Country - Folk,0.059544633362335654,0.02865253263291784,0.31846547,0.29081476,1436.111663789828,547.113361485204,2924.4271475311775,1286.1688931033948,1729.5519565605437,399.85470427567003,-148.53708,62.0991,141.28717,27.03338,-15.904905,22.0049,44.664753,16.713173,0.9870617,15.370037,13.670254,10.550536,-13.241115,11.998332,12.6545315,9.396605,-11.70802,10.583366,12.162337,10.339823,-10.482789,10.2738285,9.917888,8.507166
Creepin Crazy Time,Country - Folk,0.07198914661599536,0.022145720648801097,0.31781796,0.29456672,1424.9035344150027,308.860685650203,2524.6638196831427,847.6339681628214,1756.4169429075723,351.4197055606865,-65.7995,52.583115,146.80095,21.921698,-22.411903,17.61252,9.021807,9.9570875,6.5860667,9.943091,13.23115,10.193392,-5.6523385,9.664113,3.8385339,10.650294,-1.2137755,7.601129,11.203874,6.951932,-6.6637287,7.3034797,0.52239287,8.228697
Dieter Rams - Plusplus,Country - Folk,0.030334236634764113,0.00933527833116038,0.37234128,0.28307825,951.1020310957551,371.5410930707004,1861.5728887217228,1235.032403834036,1644.081838520374,444.92145270985,-179.04178,42.190273,152.6223,24.78014,22.787498,10.381304,42.03868,9.2053795,9.917979,6.346535,19.111134,5.4966455,-3.1680653,5.446223,9.677605,6.4264107,-1.9512696,6.2714634,3.316879,5.8761067,-8.603022,6.5722814,2.9612694,6.939618
Folk Round - Kevin MacLeod,Country - Folk,0.07602875638012938,0.04164622811360141,0.25006238,0.30560437,1358.5033706894694,405.4635627871833,2476.719903338671,991.1395081721197,1668.2220122168376,397.3397594937396,-308.05908,70.809555,117.37543,26.029112,-8.639233,22.429924,16.08813,14.449518,3.7132676,13.654092,13.381794,12.038366,-4.6782794,12.031236,1.0098913,14.200734,-3.0100434,12.583525,2.0794756,12.975798,-5.077423,11.996004,9.741796,13.701947
Gone - My Bubba and Mi,Country - Folk,0.05511158340583913,0.04005509873056385,0.2397117,0.2965878,1285.2796068822533,636.6415979932212,2370.4342870867167,1402.1095459235528,1744.9974704510753,444.0986018699956,-237.57098,67.785416,134.85822,28.827528,13.778983,26.685314,32.93941,18.409193,0.93752265,12.185568,7.8397264,12.379434,-1.8293037,11.152363,-3.0539165,9.625907,-16.35703,9.309148,5.462063,9.4013405,-10.064981,8.577779,-0.5444278,8.897918
Harriet - Ayla Nereo,Country - Folk,0.04942959528589396,0.028339684626285454,0.21884735,0.29746446,967.9473892253387,688.413122943357,1601.8278139663555,1423.1506664915323,1209.1070517494154,642.0221682717274,-379.52255,73.16039,137.31624,32.880077,22.784527,21.760632,7.567875,14.646229,4.216146,15.015126,-5.207094,14.890538,-7.175709,11.843761,-8.139204,8.573177,-10.665593,10.638839,-9.347248,10.244802,-3.9704106,8.80296,0.25989005,9.096715
Holiday - Julie Byrne,Country - Folk,0.03802136202146172,0.03492623251361595,0.23480275,0.30796844,1155.8190332057316,592.5428719465067,2109.2380320113107,1325.4333430175645,1695.5285427316055,406.58355760230046,-283.33127,69.448746,124.7632,23.994495,15.083563,24.42238,35.94344,20.628433,8.370304,16.816774,4.3806615,10.873777,2.2043371,14.23677,-6.655846,10.888046,-6.5779843,8.311037,-5.82788,9.750012,-16.806784,10.600118,-2.3696966,12.25656
Lay Your Head On The Rails,Country - Folk,0.05174835701491092,0.0148383616093089,0.35902566,0.2937864,1008.2461449944299,160.13033352729417,1692.4663989881874,320.98767071755987,1210.4583912561543,195.83875056852102,-105.170555,31.42288,191.2296,16.934341,-30.76082,13.940709,12.246573,10.964634,-8.021768,11.274096,12.237928,10.203386,-9.420641,8.998285,-3.1114373,6.930214,-8.293772,6.9723473,-5.3338933,5.9100432,-6.2822886,6.059901,-1.7318013,6.021467
Moonlight - The Golden Dawn,Country - Folk,0.03865540837236534,0.017259756399328512,0.28965592,0.29853663,1022.02774696163,298.00220930078075,1986.1228067366803,695.2534274603721,1515.771034461661,270.82040516986376,-216.65935,64.45842,148.91919,16.06815,-10.514309,9.338807,31.917068,9.632334,12.568987,10.942004,17.49485,6.80721,8.092529,12.020271,3.779988,7.712741,-6.695036,7.3566303,-0.35318643,8.149106,-4.620089,8.02914,-3.0595288,6.8401103
Rainfalling Throat - Ayla Nereo,Country - Folk,0.04874355542825537,0.04451987357417695,0.19529498,0.30326807,1233.4191030588934,742.4253302925722,2076.089342505531,1539.7487229862509,1701.4826183930284,399.3847892882333,-336.0329,113.7546,113.060104,30.647493,12.1071,29.028572,13.484054,17.81781,0.8224311,22.018595,-0.4612338,16.623995,-5.371595,16.24342,-12.213003,13.050725,-12.131647,11.227846,-2.6972463,10.944426,-6.6544433,8.32164,-5.296147,8.577007
Re Your Brains - Jonathan Coulton,Country - Folk,0.10252544660147173,0.037803429017569126,0.4231719,0.27868393,2187.7175885977454,468.53365724275216,4485.0442970565455,1095.7490749082353,2254.1650630896343,329.8845395947346,-51.64083,50.409172,99.85439,20.184532,-22.815998,15.463038,36.428356,15.98452,2.782588,9.997368,8.272772,8.722379,-4.722762,9.086215,11.589619,8.46685,-7.230487,7.921093,6.559021,7.024431,-6.4203644,6.3303814,3.4914613,6.1905823
Ringers in the Fold,Country - Folk,0.06986998329783115,0.017930155966707193,0.2722965,0.28164315,1350.7337889480684,375.07773341650153,2364.490814563565,1080.911871390015,1564.2318206548314,443.9469547087506,-90.93275,39.935455,158.20517,31.40557,-31.232279,16.24868,-5.158849,12.639527,-14.629575,10.1918335,4.6370726,10.043659,-15.677642,11.063863,0.36310107,11.298133,-6.60619,7.331056,14.082375,6.3293986,1.1252027e-05,6.3356004,-3.4382386,6.4631844
Satie - Big Blood,Country - Folk,0.055488190477343144,0.024845562841579925,0.28979555,0.29172426,1187.7362554232377,275.72963004739205,2283.445242151191,532.8652865032349,1366.2023314290846,157.00563532979254,-117.433044,27.497095,163.34401,17.72441,-44.01315,16.8146,41.845367,10.845053,-9.820652,10.006333,14.8894,7.1677203,0.8059122,8.960773,-0.29433593,7.5734854,3.127216,6.991878,-14.935887,5.8885503,-18.86303,7.398643,1.6736572,5.9814744
Smoke In The Cupboard - Stephen Bartolomei,Country - Folk,0.046949509222501934,0.034092778190195544,0.2929962,0.3022533,1286.930544434012,686.498892872274,2644.155583577411,1466.9127953560098,1784.7979952708536,477.99400526742863,-144.56596,65.17602,126.31813,28.688086,6.108942,15.929932,44.20413,10.934537,11.396569,9.863672,20.727879,8.032016,-5.726795,8.671722,-0.61423,9.237263,-19.010998,7.555201,-3.0327528,8.512894,-12.119729,7.9326353,-0.550521,7.171443
Tanah - Rully Shabara and Wukir,Country - Folk,0.08312676732888631,0.04227055676526527,0.273136,0.2946676,1619.5845766927519,771.0778944038581,3198.9963044699825,1871.2761174815232,1920.8495387241485,563.7683344706558,-175.07176,50.08873,135.88983,34.65561,-0.15966079,17.161871,8.729712,12.985604,-14.970892,11.434434,12.970176,7.393073,-1.0385659,9.543253,8.80014,8.759046,-10.18161,9.56883,15.954481,10.848282,12.02343,8.8670635,9.404265,9.730481
The Mountains Will Collide - Derek Clegg,Country - Folk,0.07603668189288476,0.048691325791273034,0.30925274,0.29291776,1889.3792653149112,741.4932987667529,3942.20823212732,1731.7411857234165,2277.4108347638,465.74318963783037,-52.12737,37.112038,115.86502,28.210518,0.23855013,17.940928,23.634645,11.641484,8.257411,10.831835,2.219171,14.688932,-2.8758345,10.1987915,2.3520968,7.932046,-10.583909,8.107958,7.385193,9.766978,-14.129299,8.043693,1.9728858,7.201931
Trails - Kelly Latimore,Country - Folk,0.04091312754163439,0.018289633837624542,0.32543266,0.29545653,1259.2718450359969,342.3476636488201,2758.4933894812643,1063.773234478074,1889.0541245495695,263.1661979585188,-125.08946,31.272509,129.5307,19.701023,16.378809,10.593917,47.944023,8.727056,-3.1288958,6.893496,22.885511,5.821827,-4.182464,6.4403863,2.5178711,5.812589,-13.516781,6.2892737,9.076529,6.056016,-5.447991,5.8621984,0.4833774,4.997457
Vladimir Estragon - Jahzzar,Country - Folk,0.05551791799593968,0.028985087370804564,0.31106418,0.2889999,1443.6756199513068,602.2885561672487,3057.8397463203305,1544.6683985464356,1955.8673396654303,483.44914685343383,-177.50247,87.76792,124.18491,28.122002,12.129299,19.602354,34.937458,12.545822,8.16817,12.202907,14.999731,12.120719,-0.5940389,11.510642,7.2008862,8.568802,-1.3862987,10.110716,1.6248006,6.845405,-10.443782,7.129947,2.9274209,8.989585
64 Sundays - Twin Musicom,Jazz - Blues,0.059546356421356424,0.03279374908838342,0.28426552,0.30322123,1277.433147710808,800.3009950285337,2697.665733148244,1985.5049594494374,1695.1646191689226,722.060507732158,-213.66162,98.85396,131.29218,55.317867,12.196165,22.168478,35.09326,16.79883,22.094934,14.717062,27.0506,13.380702,5.6121817,15.761687,8.489941,12.51999,-5.4254737,12.211127,-1.3855245,11.346043,-7.7254343,11.369526,-2.9285526,11.168839
Abbey Rhodes - Drop Trio,Jazz - Blues,0.07030456354005418,0.05117928871095715,0.32037508,0.30793056,1851.6593822975249,950.3199412642409,4126.275048979296,2394.082079601883,2282.570808897683,682.3603749712046,-228.3659,131.3549,105.22607,34.68336,29.538355,21.997456,26.76522,14.350165,-2.6236112,12.926387,9.14997,10.269354,-9.882701,10.001765,3.4210846,9.878124,-3.7878897,9.372454,8.66563,7.847452,0.95424587,9.57284,8.473052,9.746665
About 10 Hours Looking At The Ceiling - Irisu Syndrome,Jazz - Blues,0.05027103202459334,0.022538041647749682,0.23616363,0.2853154,727.292615194193,200.6841389074392,1138.1740626210303,326.0705207814424,975.4465873109001,266.3697062031117,-232.32935,39.948833,176.04948,25.83775,-1.7110068,14.907885,15.957537,13.18285,1.4092413,16.39177,6.3299966,18.191938,-10.7895975,15.91466,-14.61682,12.990587,-16.983383,11.814681,-18.855146,10.04425,-18.540668,7.5967,-16.77533,10.3694315
blues.00001,Jazz - Blues,0.05603980870552978,0.03804630719740175,0.3408494,0.30818206,1530.2617668815155,613.1194895956231,3550.7136156830047,1725.7783473036059,2038.987608168796,462.49875994490174,-207.52383,88.142525,123.98514,23.662489,8.947019,23.923552,35.86715,16.270117,2.9095943,16.732485,21.519472,12.504673,-8.556513,14.170464,23.370676,11.940147,-10.103608,12.888547,11.899242,10.21554,-5.558824,10.254578,5.3778763,9.808391
blues.00003,Jazz - Blues,0.03330886262567672,0.020561103742135052,0.40485436,0.30659202,1070.1534179991847,429.37863172796966,2184.8790286035382,1221.9156472279285,1596.422564648525,408.10763815768064,-199.57513,74.2177,150.0861,21.361393,5.663404,16.034643,26.855282,12.584162,1.7700716,16.369904,14.232647,11.26088,-4.827845,12.487864,9.286853,9.015004,-0.75612015,9.607383,8.134435,8.448777,-3.200026,10.500921,6.078081,6.9436674
blues.00005,Jazz - Blues,0.09404153373936582,0.07895058970522166,0.30252185,0.2958907,1832.0115969793162,1015.1274949311747,3481.4676306917054,1809.5265116114597,1729.5808045469614,449.2728281070016,-177.80176,85.48365,118.20316,56.52615,-17.57063,25.575533,30.760927,22.038372,-21.742554,20.815298,11.919263,16.321997,-20.734299,13.027126,3.1852882,11.563018,-8.580818,13.123481,-0.9328852,10.006048,-11.772245,8.7495575,-2.4087636,8.877085
blues.00006,Jazz - Blues,0.07305223740815932,0.04369405757996276,0.29142597,0.3065695,1459.4696906334664,661.8345700745576,2795.910729498985,1273.3843919480398,1389.0684455609621,430.2979446805255,-190.06882,98.25145,130.27023,43.9739,-36.362114,36.152878,33.036213,21.913311,11.093892,32.90848,-0.59188193,16.736532,-20.890266,12.315981,0.27844247,10.141663,-6.496385,11.449826,-5.5127354,12.385571,-7.847404,9.3544855,-3.1243007,8.013118
blues.00037,Jazz - Blues,0.048163866130123745,0.0356653236643039,0.24866746,0.31302577,1188.4732077014146,607.9548802611829,2339.8331573557134,1730.1663229224876,1683.0974004989187,447.5713704069052,-328.56018,86.45155,102.709816,25.12863,19.872597,26.521942,26.714405,13.066863,7.1520658,15.894049,22.708387,15.762461,-6.9570885,14.448739,12.789707,12.444314,-10.729283,12.585362,-0.4425992,9.143344,-12.386709,10.497478,-8.909131,10.5339575
blues.00064,Jazz - Blues,0.14683293153035576,0.03254251301746449,0.3326599,0.2835374,2553.361072844356,328.44247996491515,5148.284104915893,525.7929118046876,2280.187545149397,181.1773589636598,-85.13846,29.81773,88.807526,13.116959,-16.32557,13.798755,59.228165,11.402798,-35.98338,8.8433695,14.397045,6.4057436,-22.296473,7.1627827,9.660774,7.3133054,-14.823983,6.7258453,11.181689,6.7593417,-14.806866,6.4930787,8.475102,6.044748
blues.00067,Jazz - Blues,0.1127057352088167,0.04131181612857065,0.3379236,0.29380012,2258.1151496918774,468.1997753702635,4754.616183747825,831.4726557876455,2175.9191964461243,236.165421387944,-95.46357,30.575739,101.38746,19.121157,-20.677706,18.627968,48.668915,13.2737465,-30.248262,11.850868,20.8077,9.244118,-18.291418,15.534937,14.138235,7.8938947,-12.79949,8.92581,13.443616,7.5165358,-14.068502,10.286116,7.7323503,8.540941
blues.00069,Jazz - Blues,0.12512877332269914,0.050021748685897705,0.29205313,0.29458517,2371.309053037537,486.5706131713849,5005.187393507105,697.047190484424,2209.900826494475,207.60838500700672,-121.47392,34.386253,96.09719,20.891571,-19.590857,16.502567,48.038452,11.44654,-38.78463,14.145428,24.768978,10.171624,-32.94141,11.496108,8.102541,10.059475,-17.818922,8.3036,6.11786,8.60755,-19.995438,6.5503554,6.800339,8.016795
blues.00071,Jazz - Blues,0.13464138328982986,0.03780500967737291,0.30516553,0.28296053,2429.004094153088,312.64044307917345,5065.090666237674,481.6667728858659,2286.7671320519435,158.16748961209413,-89.39791,26.35509,93.79924,13.874477,-14.558413,11.563439,54.38949,9.960183,-33.50723,8.036734,19.428232,6.4559283,-19.761513,6.850202,13.029956,6.7945457,-13.864508,7.238538,14.617379,7.1749115,-14.972617,7.7547655,10.598986,5.9527144
blues.00092,Jazz - Blues,0.03231153023491879,0.0400037193128851,0.39096886,0.31694692,918.6809998407423,723.1273562080713,1602.5332846940255,1512.530063883034,1437.0351043533017,438.5529213127068,-332.2246,85.39549,128.08928,31.068365,28.80515,34.43431,41.830193,17.428276,31.214472,15.147636,23.334787,12.667417,5.7841125,13.670374,9.001364,12.186754,-3.8817165,13.573958,3.731323,9.786733,-0.8742291,9.526457,-0.43919,9.0887165
Called Upon - Silent Partner,Jazz - Blues,0.01752426795189631,0.0146302247470918,0.33391127,0.31827274,805.3022032427393,598.627849783828,1428.751253832855,1790.413774988862,1560.435805770446,675.4310501337346,-235.46246,72.3832,137.87146,32.65736,50.565903,21.664577,37.04826,13.053308,16.174482,11.509155,19.90644,9.106214,9.538809,9.212273,13.436342,8.541779,-0.11763662,8.075257,6.360377,8.455451,-4.2390833,9.416484,4.1716237,9.777591
Capture My Soul - Colin Shadick and Roger Nicholls,Jazz - Blues,0.08616707917796282,0.02453942146143613,0.261021,0.29963514,1666.5419434393662,379.66709833179675,2866.4262767174187,792.8862861664803,1353.4057330037424,265.6154359675017,-187.03537,97.97601,126.66513,28.938953,-94.73415,28.494642,-7.78213,25.36735,-43.846855,10.212087,-23.095285,10.965429,-13.104806,6.798773,-15.173049,8.853479,-14.449034,10.190136,-6.778095,7.9724236,-10.068279,8.430542,-2.6777065,6.264217
Central Groove,Jazz - Blues,0.031803095672890865,0.020196813057539745,0.36153966,0.29995665,952.9601335389156,560.557233716027,1893.1260525257594,1732.3662873856467,1544.533440947084,776.6709516025278,-191.5165,83.75301,152.03757,42.94562,46.552406,27.895897,30.446507,24.832819,5.0277386,12.778241,20.404327,8.726964,0.842596,9.087351,6.726773,9.656629,-2.72681,6.1278853,6.8543653,8.443499,-3.6234655,6.781188,-1.0903721,7.1912737
George Street Shuffle - Kevin MacLeod,Jazz - Blues,0.02384116108021077,0.012598532966153533,0.3475001,0.3092846,838.2901062072577,344.1139277454515,1326.712586449795,1070.3324361593072,1617.044715558759,411.5648582148122,-278.17395,45.913868,146.57767,24.844025,40.70104,18.507067,32.69303,13.09516,15.276929,9.944694,14.195198,11.2396755,-0.6194756,12.374011,10.128595,10.540159,-7.9984097,8.179009,5.973628,8.811617,-1.778227,11.8558235,9.670933,9.215923
I Knew a Guy - Kevin MacLeod,Jazz - Blues,0.039197504578357176,0.038330313186981005,0.26737785,0.31598926,1023.1534691582157,647.7860337352729,1712.9855960760658,1800.5203067434488,1734.227751598255,654.8555994650739,-422.4387,53.628033,86.175606,32.017967,52.24912,24.68531,28.774948,17.771856,11.722828,14.277177,9.181832,13.381757,9.602414,13.67952,7.85839,12.060771,4.100371,11.885743,5.51791,11.6135845,5.882398,10.416976,6.383688,9.898068
jazz.00035,Jazz - Blues,0.037725674303944315,0.011493995937902506,0.26457494,0.29996774,844.1729949130147,226.59875051458226,1608.811720562645,654.5927126510048,1104.4627955958779,162.1706713635245,-261.9065,51.051117,182.52736,21.423145,-16.897043,25.523893,49.855297,15.123123,-1.2192539,9.541557,6.34592,8.220736,5.9968686,8.434483,-8.87631,7.4416,-10.314593,7.5445986,-3.2035499,7.8187785,-5.370093,7.2569256,-3.5455356,5.7643785
jazz.00055,Jazz - Blues,0.03777854311678268,0.011457307919710148,0.26457426,0.2999633,871.796536792597,224.2603879632515,1632.701418847883,657.1186776586212,1205.6555879774455,165.85751761006708,-260.38052,51.366432,180.59885,22.182281,-15.351955,24.737402,48.54308,14.321783,-0.07772124,9.085471,5.433353,8.2334795,6.595534,8.399823,-9.157926,7.161741,-10.286931,7.2194295,-2.9881864,7.614921,-5.8197927,7.236148,-2.9285157,5.6788497
jazz.00087,Jazz - Blues,0.04283468979601701,0.02916023517139725,0.3423495,0.3208948,1846.8634838198225,855.5673972586509,4332.17071037558,2647.6728819071627,2731.2712863256857,584.8227006280786,-340.92114,85.1723,89.82105,34.331905,44.52626,19.98296,28.849882,16.36445,16.312696,13.843609,10.603151,13.176318,6.996853,9.730018,0.83877164,11.259391,6.085583,9.974428,7.1257286,9.466053,5.4259996,8.686472,2.7258344,8.817509
Minor Mush - John Deley and the 41 Players,Jazz - Blues,0.109052993355433,0.0409813629628697,0.38917273,0.28205213,2146.126451234011,569.5961662370382,4384.066160103996,1250.8531745351222,2202.0247248313267,353.9479800967632,-50.529327,97.58308,99.51322,28.40109,-19.07146,14.440273,32.29986,12.64386,-1.4070892,9.113416,9.131852,7.8186893,-7.2498903,7.813124,12.76064,7.097368,-5.936077,6.7473216,4.2321854,7.5514774,-11.563462,6.4087577,1.7159216,6.436287
Poppies - Rolemusic,Jazz - Blues,0.027013319919760248,0.02426273943692113,0.34095255,0.28785506,2071.2849897642664,629.9599536887339,5082.368855133411,1431.1744393221175,2625.6532298624884,320.46743652295197,-3.60259,45.94861,82.61494,22.503487,3.1723392,13.170123,22.136843,9.209868,-2.738201,7.8632336,12.1905775,7.152315,-7.397602,7.423673,9.075764,7.2484565,-5.012527,7.455948,11.430384,6.99561,-2.2488735,5.6096683,14.409087,5.596522
Silenci - Sergi Boal,Jazz - Blues,0.044532421572658666,0.07653592060113731,0.26577312,0.3040402,827.3801121273141,628.2106516880743,1455.8786965007014,1284.6146394459897,1127.2990074196375,412.4298064727661,-345.91974,94.91711,138.94731,37.393494,11.443949,32.32681,38.651096,14.183502,20.43484,14.211889,2.844259,11.139063,-4.8851833,9.236339,-10.281602,8.861007,-12.7858925,8.194674,-20.555807,9.144505,-19.377317,8.741799,-4.89773,7.229569
Smallone - Yoni Kretzmer 2Bass Quartet,Jazz - Blues,0.033091447670762386,0.024410947863116733,0.30453888,0.32296526,1109.3277818968618,644.5143793136447,2266.790459694877,1755.0365233714667,1646.4445386428786,604.9245350082343,-418.10394,77.071526,92.12062,42.465927,29.405241,31.958405,31.147316,15.000595,14.31608,11.500996,11.475767,9.685596,10.000436,7.29012,4.6618314,6.890373,0.20462282,7.5543766,-0.6918918,6.313597,0.3702156,6.2187247,1.1617429,6.1208143
Spell - Rolemusic,Jazz - Blues,0.020102233178654293,0.01899514718903643,0.32943314,0.2930745,1815.723183385126,468.91105495139595,4547.969044554814,1169.0302279232028,2520.5860252651987,256.6025478382954,-32.218544,52.41403,91.465096,17.132946,16.3488,16.7376,24.742838,8.937305,-0.74529994,9.250712,11.299489,10.511975,-7.808842,11.387946,9.187518,13.490795,-7.657012,12.749588,3.3592553,9.753145,-10.080512,10.179072,3.348706,9.520347
Sum of My Fears - Dazie Mae,Jazz - Blues,0.023748917471701797,0.01624654996419512,0.27121222,0.32126805,1095.832069732918,711.7686925614084,2327.762791367828,2223.4290756665087,1870.6166107836245,699.5520405775746,-221.32382,53.814762,113.00603,36.548256,32.26519,17.672016,48.794247,10.041205,33.926304,13.615515,21.424799,11.752132,6.505941,9.038578,12.848361,7.9772077,-9.292129,6.2978067,5.6121936,6.5685205,0.9706033,7.379136,0.9247587,6.777129
The Night Falling - JR Tundra,Jazz - Blues,0.04661571557971014,0.0342483248923458,0.35376784,0.2989266,1431.3187581740692,624.730775935568,3043.1596467391305,1477.2942062360307,1923.7442144830914,395.196952217943,-204.33072,58.255157,126.17493,34.22853,6.15722,12.659145,38.73638,11.614366,-1.860568,7.5802937,15.574272,7.6925077,1.112294,7.6185036,2.446582,7.917798,-7.8699307,7.8502855,4.3285522,7.370974,-2.354493,6.1079574,4.74688,6.0082226
Together With You - JR Tundra,Jazz - Blues,0.04357738395011862,0.03272368708067601,0.262521,0.30017704,1248.5445140135857,544.0579495732383,2547.8628847611512,1429.949692030569,1814.3618810696207,417.4352597958801,-226.80945,67.836945,118.835754,28.228533,8.825555,19.366865,45.981155,12.75863,17.410557,9.553281,21.2534,9.142934,0.47891226,9.067615,-0.7708313,8.214443,-13.215887,9.501083,-3.689888,8.507348,-12.771067,8.90918,-8.504343,8.38138
Why Do We Do What We Do,Jazz - Blues,0.045148841899299276,0.03259833270741793,0.33230427,0.30340505,782.2337653206938,554.7404133852602,1444.2451728144779,1322.3096882880745,1101.3222941287124,597.9448046920296,-298.97552,73.44147,165.17096,35.080048,22.92225,29.241034,17.52938,16.068455,21.144907,13.76734,17.907639,12.005965,8.230308,10.293865,3.4410532,10.286596,1.2809117,8.208811,1.6625972,9.166158,-1.9685605,10.81574,-1.618183,9.994668
Asleep - Tomh,RnB - Soul,0.04630424058958446,0.04074538659736929,0.35393173,0.3080843,1319.7422452604083,749.3396430154523,2716.9626534673503,1946.0360786031047,1850.1259632932577,704.5008787881305,-197.01955,92.78699,129.5493,38.68898,20.23359,27.020542,24.281948,20.126951,3.1807642,15.575825,-3.7702622,16.053534,-2.9839602,12.387184,-2.6319385,14.160802,-8.65234,11.241152,-0.8989603,10.957924,-8.025588,10.427638,0.71292406,10.660578
Awware - Double-F the King,RnB - Soul,0.04472549875186886,0.04620101867996515,0.43422204,0.30925053,1277.254587103531,1098.1014406847344,3072.636774023187,3126.80292608337,1718.678245608601,1214.1518265309057,-249.35146,111.93842,123.745865,40.790077,46.847256,26.404001,7.095652,29.642626,8.4594555,22.721773,5.202237,19.588772,1.9753469,18.189682,5.516325,18.66621,-7.740793,13.988434,0.8478169,17.200434,-8.458248,12.577812,-2.3221765,16.798466
Best I Can - Jasmine Jordan,RnB - Soul,0.0840132472826087,0.0663174132717567,0.35941654,0.31180173,2153.8426015148566,915.5442431369261,4740.784044589921,1897.0026823157327,2458.8073931148533,469.91093137981653,-128.35567,76.31303,88.5681,33.22016,11.408023,25.089962,29.807579,21.962885,-1.3364104,15.548148,9.218197,16.87813,6.932805,16.634512,8.209957,14.056485,-1.29204,13.253268,11.554904,11.966038,-11.8421545,10.452668,5.4664793,10.939466
Do it - Joe Bagale,RnB - Soul,0.1009816392334081,0.10117918404803872,0.39910698,0.31870717,2272.5144994973534,1198.6357933178258,4862.531955073228,2446.3475006858657,2460.0529718872695,607.7502852222865,-142.73334,93.80661,86.33283,44.753788,3.8076239,29.390667,11.745553,24.019056,1.5894551,22.680931,10.126949,18.609743,2.0752163,15.287417,14.041717,13.249206,-0.7646595,10.6219,7.3456244,10.915314,-2.8148482,11.449164,4.3846726,9.854224
Dreamer - Pyrosion,RnB - Soul,0.04066959680192572,0.013216541171442416,0.26794577,0.29614925,685.2150497338815,242.49167805897244,1082.0923288127578,581.5428255644663,841.0836407571798,360.19157184036777,-225.38939,53.60681,201.57997,26.57113,13.498707,17.028692,-12.296047,23.220518,-7.047596,16.22763,-8.086461,16.300386,-9.423618,15.376761,-13.260017,14.322795,-19.187048,13.5467615,-9.454859,13.736003,-9.031603,11.146605,-3.1498873,10.788161
Failles - Tomh,RnB - Soul,0.052008979623059046,0.06518707988755583,0.34112924,0.31639102,1517.565083416684,1017.3627526511929,3056.8065348653386,2397.91088126911,2050.03271939104,677.3807572443158,-219.21199,91.58975,113.48243,43.284626,23.508503,28.552866,20.229342,22.241392,2.387102,19.510107,6.2301354,17.116144,0.4056558,14.05768,7.1506443,13.731214,-4.8289666,13.3825245,8.2167015,12.628956,-3.188618,11.8801155,6.4995656,10.6959
Failure - A. Cooper,RnB - Soul,0.07408462454717278,0.0712496871830565,0.30457136,0.31060597,1600.4220447727803,1458.4367570581626,3102.7500678317942,2805.240302473798,1677.7375339834427,998.510765503153,-316.9881,94.79189,127.12577,53.379482,24.205729,35.18331,-0.3468598,21.725336,6.3803616,16.730999,10.030916,15.930095,-6.476492,13.581004,6.809882,17.507086,3.7240975,13.333495,6.472359,13.201525,-5.1908064,9.499887,0.21202257,10.551848
Hey Joe Kelly - The Immaculates,RnB - Soul,0.0873322081137783,0.055630662437552963,0.4269937,0.28859922,2258.967948602646,745.0906812436624,5104.45336513832,1433.6386536247069,2473.0423185645664,476.86445707762795,-159.28217,129.84544,90.69643,37.412106,10.082091,16.820524,32.64584,13.449588,-6.1103525,8.206456,16.186966,7.381796,-4.1703434,7.6419106,7.8618693,5.830032,-9.4714575,7.1344,4.76686,5.7619805,-6.684369,6.6031704,1.8545223,4.9717245
I Still Want You - Everet Almond,RnB - Soul,0.03238887252464545,0.03836334801842348,0.34848562,0.30194014,908.5886216747833,661.6973332674006,1690.8852787341102,1575.661915883569,1363.5780015816388,577.3237439330755,-248.03653,100.25631,156.57448,45.51021,19.54008,21.869333,39.24831,15.042984,10.825022,13.831133,8.858695,11.525279,-0.30612785,9.376884,2.0626454,10.150725,-4.644478,11.498568,4.1780686,9.578468,-6.1668067,7.881603,1.1854877,10.148859
Let's Do It - Topher Mohr and Alex Elena,RnB - Soul,0.029022050034153004,0.016473087981673497,0.38015416,0.29452297,842.0648047195097,713.5427928765065,1653.568455430328,1867.2612162948697,1287.9927308837873,731.7344443004722,-207.73941,90.340096,162.74979,46.58693,36.46243,31.947084,42.098804,22.987473,16.38835,11.981458,12.620483,11.9217,6.648881,9.36627,7.701541,9.271387,0.14329094,8.044289,0.7347046,9.048794,-7.9086185,8.863825,-2.9446633,7.044034
Level Plane - Riot,RnB - Soul,0.04029744149737558,0.022345659208217006,0.34631512,0.30652207,1150.0391582194864,588.8735299367286,2445.1739131755444,1595.8970681831279,1599.052930302691,606.0453268764127,-202.34985,101.599266,136.13988,33.16704,12.509064,16.747892,29.800957,18.093231,4.3637886,10.645305,13.469688,11.9657955,4.130056,8.986456,12.967073,9.078605,1.6098421,8.286575,-2.721233,11.358246,-10.959031,7.3149343,0.57128316,7.00286
Lost - Double-F the King,RnB - Soul,0.12476692987825329,0.08113841523357446,0.3322974,0.29948592,2833.8008842066324,1184.8884600919646,6395.563544950697,2331.966891999469,2916.3447722381065,563.6359164709223,-236.90549,86.87601,81.52703,34.127926,15.414712,27.35965,1.9489555,21.641466,3.98806,20.655634,-18.608252,14.698449,-25.152355,15.817413,-8.678607,14.765039,-15.69802,9.938606,-9.237975,9.436537,-16.875326,9.885018,0.72200656,10.040549
Majikk - Jingle Punks,RnB - Soul,0.12152268411117176,0.1285012146160692,0.42139506,0.32299623,2164.2331708416305,1627.4001852213885,4120.800514720933,2939.970593618859,1938.090226572456,944.4300374850377,-343.3573,129.65689,58.227333,51.780148,19.979376,33.551147,29.490934,25.522984,-4.8824134,22.137554,2.5532713,16.853762,5.162586,16.02625,10.407352,13.01232,0.99578637,13.286942,4.249703,11.204971,3.922474,12.522339,4.577307,10.405274
Missing My Babygirl - Double-F the King,RnB - Soul,0.12809664080796254,0.07400284340402428,0.25214994,0.29886004,2477.125202828128,1494.0591294531157,4932.532338627049,3294.671423742132,2131.2376702984748,1322.8177932878314,-179.42923,106.56113,119.332016,54.30339,-30.160522,54.88501,-34.30173,29.44544,-1.2463026,31.46501,-16.089668,19.565613,-6.8788376,10.954143,-0.5185859,15.642266,-17.476639,11.915949,-7.291638,12.237659,-17.07439,11.242409,1.4617867,12.3404665
No Substitute - Double-F the King,RnB - Soul,0.09326667062816921,0.06803298497055198,0.38914675,0.30677143,2491.551546402216,1173.8871281320958,5677.72581346327,2619.7402025492825,2750.0851362913722,678.1269307558731,-108.46516,73.73657,100.83105,45.76554,27.151688,23.952593,5.6887207,18.218431,8.544193,16.037342,14.704981,14.711035,-1.5498539,11.434868,4.491742,10.047406,-8.576472,10.768767,8.419347,9.427183,-7.575115,9.72404,5.478493,10.318465
Nostalgia - A. Cooper,RnB - Soul,0.03840957326180179,0.01944071282731954,0.304108,0.30044192,922.8253829227199,845.0524711855422,1910.780553478,2281.6722689653557,1209.9835243820157,1036.4587040072086,-295.39938,91.07627,163.68599,55.068474,62.666695,28.10714,9.176665,26.645496,-4.3791847,12.051849,1.0014262,13.31886,-10.172307,15.340407,-9.072429,18.548544,-13.373836,12.235354,-11.913415,12.921342,-17.873259,11.230754,-9.332478,15.926531
Sandbox - Silent Partner,RnB - Soul,0.031925252803453714,0.020314172893981883,0.38416702,0.29225516,1000.6953253767997,666.8460999505972,2108.2573481499894,1921.817380786804,1514.8674676644953,712.5967937892287,-157.0582,91.867386,154.9726,45.887695,38.072987,22.214817,46.99402,23.197119,1.0918825,16.265648,12.052456,13.649891,2.920678,11.749158,6.051483,10.2037115,-7.5477915,8.564426,-0.19715184,8.526983,-6.1373363,6.162438,-0.1361761,7.5528364
Scared of My Own Blood - Sunbyrn,RnB - Soul,0.07906681300201848,0.04037475466990552,0.35075322,0.2930975,2142.3018146971003,637.4108275264672,5044.509508194216,1300.0761056974002,2532.731340222746,359.3016015609052,-61.767452,80.650024,96.02646,23.980623,16.076431,16.574583,31.824366,13.415438,4.229505,14.2325,20.164654,8.589375,-10.988323,9.271035,0.14409101,10.051713,-10.822666,7.8626895,8.727853,8.550778,-4.732316,8.5482855,-0.51693964,7.705675
Sinking Ship - Silent Partner,RnB - Soul,0.029352526102654177,0.03362490168053153,0.30847508,0.30115876,754.3558551356781,611.2507198323016,1448.6416175717213,1422.4039591422675,1026.187223877499,608.1722855151849,-209.22417,86.70059,164.99811,47.67566,11.387531,31.17025,27.906734,18.39654,27.752897,14.239714,17.488312,9.639957,0.4633223,6.223789,-3.6818247,9.767769,-12.718212,6.9264193,-13.904185,9.8757305,-11.576226,5.922823,-4.5349765,7.463499
So Fine - Double-F the King,RnB - Soul,0.054209419809096625,0.0422378510323998,0.42973226,0.29318222,1839.8599402752589,889.2985166630687,4394.569780250296,2582.4384876592776,2445.478470168447,723.6993263389605,-104.747955,57.18927,121.43253,34.086708,15.073618,25.475685,15.718324,19.642708,15.082583,15.42651,12.822727,12.403853,-1.0088985,13.492848,1.4765829,10.1116,-7.240109,11.036262,-0.47787857,10.606951,-12.706379,11.166524,1.9250902,11.011168
Still Standing - Jus Moni,RnB - Soul,0.082027155153049,0.05160954088981926,0.29080054,0.30030712,1803.2045773835164,889.4969952352932,3643.4053279574623,1872.8236922151734,1897.6447398210057,612.3297797689588,-167.36356,99.28254,114.83991,37.052715,-5.057908,32.472748,24.01762,23.067755,-20.393831,16.81609,-6.32608,17.348083,-14.709421,16.469305,-24.086674,15.158946,-20.162327,13.00359,4.463372,14.434384,-13.574273,14.592142,-0.016952695,11.574653
Talking With You - Artificial Music,RnB - Soul,0.05413869544513193,0.04156873334106747,0.3534715,0.32089517,1120.639102718491,652.5956360519243,2166.585320581759,1537.7893618544663,1401.7548605972556,675.2511049975034,-234.51302,113.72544,120.41462,38.751923,10.315204,29.652422,14.569605,22.723215,0.047511093,17.490555,8.55221,23.302052,-10.577513,17.690132,-9.572316,18.145723,-12.710808,13.01362,-0.8082404,14.650676,-0.8782567,12.752949,1.9394786,14.767639
Thank You R.G.E - Joe Bagale,RnB - Soul,0.03285367013075386,0.0285224440385808,0.37525553,0.30072755,1048.6419854204835,642.7445954282598,2119.7473898217854,1815.9343944117488,1669.5500956385524,697.486349833874,-185.88164,95.45875,138.70427,45.0514,31.03933,24.856112,26.005135,13.902936,6.056277,11.289933,18.658447,11.207237,5.545667,9.368444,13.76398,10.221711,0.014831021,9.395448,4.560182,8.583631,-4.534697,8.078867,-1.9380862,8.249706
The Making of Thumbs Up - Joe Bagale,RnB - Soul,0.04538302951388889,0.050008421710439004,0.3952159,0.3166964,1182.1405129339564,784.2515545243622,2250.346991356383,1774.1618231175828,1678.4588757285444,542.5986931794865,-189.08287,89.989914,133.7063,49.06977,9.210594,30.07772,19.398945,24.780956,5.4150586,17.105986,11.666324,15.96361,6.534641,13.94445,9.872583,16.003302,-0.19087641,14.53234,8.744653,13.161845,0.53201705,9.955214,4.887732,11.856392
The View - Pyrosion,RnB - Soul,0.048975638539227165,0.029089296937074325,0.28820905,0.294849,1134.1796804169653,781.8098061803579,2172.029488985656,1928.129303120685,1414.6200998272227,686.046007643581,-206.02016,79.60621,151.65962,46.072422,20.104395,30.202707,24.952381,16.276472,1.9061494,15.054066,-3.5994496,16.86306,-18.721582,12.937686,-13.021138,15.935782,-13.919652,11.672268,-3.790886,9.231117,-4.840084,9.557813,-0.49257192,8.910294
Tracks Of My Fears - John Deley and the 41 Players,RnB - Soul,0.03954243456196581,0.0279415155033583,0.3323361,0.31675065,1099.512674413648,537.4153697043927,2324.6419674705335,1320.3266390791114,1554.7913498494615,555.7013950958875,-261.5427,105.51628,122.20685,36.76292,7.5193734,26.580791,46.236214,16.319098,13.383054,13.623246,14.603271,10.472255,4.4144397,11.544158,10.205349,9.012333,-0.5606621,10.23862,2.976611,8.508806,-2.914742,9.031193,-2.2263184,8.4093075
Trips - Topher Mohr and Alex Elena,RnB - Soul,0.04401315033620356,0.029591581917528552,0.33558547,0.31934917,1098.9533378511067,489.0106303615617,2294.381959519519,1182.5560004178906,1454.349189887497,470.5537719982185,-245.82896,97.66604,118.80746,38.32448,5.0447826,19.086994,45.932903,23.044205,15.059987,15.389816,8.307065,13.04592,-1.0423836,11.012042,6.1269083,10.043251,0.45332846,8.280037,6.52712,10.402413,-0.77565825,8.840203,3.2422597,8.985104
Way Up High - Pyrosion,RnB - Soul,0.04954734672512982,0.036696503092158245,0.3257385,0.3052068,1237.9207771479971,629.8344246879443,2431.7621036673645,1554.0426236395472,1688.3252202755425,542.9904703822593,-215.51239,81.70023,133.6142,36.312687,17.948265,20.295536,19.443775,22.023321,-7.4049406,12.091431,4.805518,13.307529,-2.077315,13.039134,2.1250546,14.047758,-3.5552754,11.458534,1.0921478,12.903057,-5.6453567,11.644417,-0.79060006,11.751549
What It Feels Like - Double-F the King,RnB - Soul,0.07839116781803017,0.0730982865872099,0.37369654,0.31542295,2141.962946362253,1282.052399516864,4891.316753018929,2858.836465920968,2437.2016294999676,956.8646337707331,-142.6704,113.409676,95.16737,41.84956,35.96463,33.366856,18.186861,25.256195,7.8940177,19.93779,4.64005,17.092329,-5.032278,16.757097,10.548391,15.061416,-8.288988,12.922592,2.2093134,12.207244,-1.5217385,11.878631,7.198005,11.026624
Your Blessing - Double-F the King,RnB - Soul,0.055672237515938576,0.058356198063115025,0.47441977,0.30262896,1816.4113122811139,1089.984706558875,4356.447050367627,2761.45361244449,2340.468245593053,875.2203940647657,-178.70265,110.90619,103.66767,42.751816,29.313387,33.50219,25.082804,22.21357,14.943685,14.335532,8.16178,17.143051,-2.2123425,14.73487,11.12934,14.511755,-5.184107,12.878042,15.211075,13.301703,-0.07905381,9.973164,6.4518924,11.134621
